Competitorid	Sectorcode	Fiscode	Lastname	Firstname	Gender	Birthdate	Nationcode	Nationalcode	Skiclub	Association	Status	Status_old	Gender_2021
230552	AL	961010	AFGHANISTAN		A		AFG			E	E		A
230553	AL	961011	AFGHANISTAN		M		AFG			E	E		M
230656	AL	961054	AFGHANISTAN		W		AFG			E	E		W
230551	AL	800028	ALBANIA		A		ALB			E	E		A
230554	AL	800029	ALBANIA		M		ALB			E	E		M
230657	AL	805006	ALBANIA		W		ALB			E	E		W
230546	AL	10025	ALGERIA		A		ALG			E	E		A
230555	AL	10026	ALGERIA		M		ALG			E	E		M
230658	AL	15005	ALGERIA		W		ALG			E	E		W
230547	AL	20493	ANDORRA		A		AND			E	E		A
230556	AL	20494	ANDORRA		M		AND			E	E		M
230659	AL	25219	ANDORRA		W		AND			E	E		W
218141	AL	30441	ARGENTINA		A		ARG			E	E		A
194165	AL	30393	ARGENTINA		M		ARG				E		M
230660	AL	35298	ARGENTINA		W		ARG			E	E		W
230549	AL	740047	ARMENIA		A		ARM			E	E		A
230557	AL	740048	ARMENIA		M		ARM			E	E		M
230661	AL	745012	ARMENIA		W		ARM			E	E		W
230550	AL	730002	AMERICAN SAMOA		A		ASA			E	E		A
230558	AL	730003	AMERICAN SAMOA		M		ASA			E	E		M
230662	AL	735000	AMERICAN SAMOA		W		ASA			E	E		W
230545	AL	40704	AUSTRALIA		A		AUS			E	E		A
230559	AL	40705	AUSTRALIA		M		AUS			E	E		M
230663	AL	45463	AUSTRALIA		W		AUS			E	E		W
210123	AL	54569	AUSTRIA		A		AUT				E		A
135303	AL	54057	AUSTRIA		M		AUT				E		M
135304	AL	56105	AUSTRIA		W		AUT				E		W
230544	AL	860006	AZERBAIJAN		A		AZE			E	E		A
230560	AL	860007	AZERBAIJAN		M		AZE			E	E		M
230664	AL	865001	AZERBAIJAN		W		AZE			E	E		W
230542	AL	630002	BAHAMAS		A		BAH			E	E		A
230561	AL	630003	BAHAMAS		M		BAH			E	E		M
230665	AL	635000	BAHAMAS		W		BAH			E	E		W
210136	AL	60277	BELGIUM		A		BEL				E		A
230562	AL	60300	BELGIUM		M		BEL			E	E		M
230666	AL	65133	BELGIUM		W		BEL			E	E		W
230459	AL	957002	BERMUDA		A		BER			E	E		A
230563	AL	957003	BERMUDA		M		BER			E	E		M
230667	AL	957200	BERMUDA		W		BER			E	E		W
219264	AL	710376	BOSNIA AND HERZEGOVINA		A		BIH				E		A
230564	AL	710380	BOSNIA AND HERZEGOVINA		M		BIH			E	E		M
230668	AL	715181	BOSNIA AND HERZEGOVINA		W		BIH			E	E		W
230543	AL	660034	BELARUS		A		BLR			E	E		A
230565	AL	660035	BELARUS		M		BLR			E	E		M
230669	AL	665017	BELARUS		W		BLR			E	E		W
230540	AL	70016	BOLIVIA		A		BOL			E	E		A
230566	AL	70017	BOLIVIA		M		BOL			E	E		M
230670	AL	75001	BOLIVIA		W		BOL			E	E		W
230541	AL	80079	BRAZIL		A		BRA			E	E		A
230567	AL	80080	BRAZIL		M		BRA			E	E		M
230671	AL	85029	BRAZIL		W		BRA			E	E		W
230538	AL	92791	BULGARIA		A		BUL			E	E		A
230568	AL	92792	BULGARIA		M		BUL			E	E		M
230672	AL	95158	BULGARIA		W		BUL			E	E		W
210129	AL	104867	CANADA		A		CAN				E		A
135299	AL	103821	CANADA		M		CAN				E		M
135308	AL	107141	CANADA		W		CAN				E		W
230455	AL	958403	CAYMAN ISLAND		A		CAY			E	E		A
230569	AL	958404	CAYMAN ISLAND		M		CAY			E	E		M
230673	AL	958600	CAYMAN ISLAND		W		CAY			E	E		W
230535	AL	110477	CHILE		A		CHI			E	E		A
230570	AL	110478	CHILE		M		CHI			E	E		M
230674	AL	115268	CHILE		W		CHI			E	E		W
230536	AL	120086	P.R. CHINA		A		CHN			E	E		A
230571	AL	120087	P.R. CHINA		M		CHN			E	E		M
230675	AL	125054	P.R. CHINA		W		CHN			E	E		W
230537	AL	961500	CAMEROON		A		CMR			E	E		A
230572	AL	961501	CAMEROON		M		CMR			E	E		M
230676	AL	961550	CAMEROON		W		CMR			E	E		W
230534	AL	640003	COLOMBIA		A		COL			E	E		A
230573	AL	640004	COLOMBIA		M		COL			E	E		M
230677	AL	645002	COLOMBIA		W		COL			E	E		W
230533	AL	920010	COSTA RICA		A		CRC			E	E		A
230574	AL	920011	COSTA RICA		M		CRC			E	E		M
230678	AL	925001	COSTA RICA		W		CRC			E	E		W
210133	AL	380386	CROATIA		A		CRO				E		A
163015	AL	380350	CROATIA		M		CRO				E		M
163016	AL	385083	CROATIA		W		CRO				E		W
230531	AL	160127	CYPRUS		A		CYP			E	E		A
230575	AL	160128	CYPRUS		M		CYP			E	E		M
230679	AL	165057	CYPRUS		W		CYP			E	E		W
210137	AL	151277	CZECH REPUBLIC		A		CZE				E		A
163014	AL	151107	CZECH REPUBLIC		M		CZE				E		M
163013	AL	155762	CZECH REPUBLIC		W		CZE				E		W
219266	AL	170168	DENMARK		A		DEN				E		A
230576	AL	170180	DENMARK		M		DEN			E	E		M
230680	AL	175068	DENMARK		W		DEN			E	E		W
230530	AL	960201	DOMINICA		A		DMA			E	E		A
230577	AL	960202	DOMINICA		M		DMA			E	E		M
230681	AL	960250	DOMINICA		W		DMA			E	E		W
230529	AL	961601	DOMINICAN REPUBLIC		A		DOM			E	E		A
230578	AL	961602	DOMINICAN REPUBLIC		M		DOM			E	E		M
230682	AL	961650	DOMINICAN REPUBLIC		W		DOM			E	E		W
230528	AL	961100	ECUADOR		A		ECU			E	E		A
230579	AL	961101	ECUADOR		M		ECU			E	E		M
230683	AL	961151	ECUADOR		W		ECU			E	E		W
230527	AL	959601	ERITREA		A		ERI			E	E		A
230580	AL	959602	ERITREA		M		ERI			E	E		M
230684	AL	959700	ERITREA		W		ERI			E	E		W
230526	AL	958001	EL SALVADOR		A		ESA			E	E		A
230581	AL	958002	EL SALVADOR		M		ESA			E	E		M
230685	AL	958200	EL SALVADOR		W		ESA			E	E		W
230475	AL	492384	SPAIN		A		ESP			E	E		A
230582	AL	492385	SPAIN		M		ESP			E	E		M
230686	AL	496496	SPAIN		W		ESP			E	E		W
230522	AL	390047	ESTONIA		A		EST			E	E		A
230583	AL	390048	ESTONIA		M		EST			E	E		M
230687	AL	395024	ESTONIA		W		EST			E	E		W
230523	AL	955004	ETHIOPIA		A		ETH			E	E		A
230584	AL	955005	ETHIOPIA		M		ETH			E	E		M
230688	AL	956000	ETHIOPIA		W		ETH			E	E		W
230524	AL	880005	FIJI		A		FIJ			E	E		A
230585	AL	880006	FIJI		M		FIJ			E	E		M
230689	AL	885004	FIJI		W		FIJ			E	E		W
210132	AL	180863	FINLAND		A		FIN				E		A
186356	AL	180805	FINLAND		M		FIN				E		M
230690	AL	185485	FINLAND		W		FIN			E	E		W
210126	AL	6190846	FRANCE		A		FRA				E		A
135301	AL	194428	FRANCE		M		FRA				E		M
135306	AL	197205	FRANCE		W		FRA				E		W
219259	AL	221439	GREAT BRITAIN		A		GBR				E		A
194164	AL	221316	GREAT BRITAIN		M		GBR				E		M
230691	AL	225778	GREAT BRITAIN		W		GBR			E	E		W
219268	AL	680072	GEORGIA		A		GEO				E		A
230586	AL	680074	GEORGIA		M		GEO			E	E		M
230692	AL	685025	GEORGIA		W		GEO			E	E		W
210128	AL	202966	GERMANY		A		GER				E		A
171975	AL	206640	GERMANY		M		GER				E		M
171974	AL	206639	GERMANY		W		GER				E		W
230521	AL	941002	GHANA		A		GHA			E	E		A
230587	AL	941003	GHANA		M		GHA			E	E		M
230693	AL	946000	GHANA		W		GHA			E	E		W
219265	AL	230762	GREECE		A		GRE				E		A
230588	AL	230790	GREECE		M		GRE			E	E		M
230694	AL	235359	GREECE		W		GRE			E	E		W
230520	AL	850002	GRENADA		A		GRN			E	E		A
230589	AL	850003	GRENADA		M		GRN			E	E		M
230695	AL	855003	GRENADA		W		GRN			E	E		W
230519	AL	580002	GUATEMALA		A		GUA			E	E		A
230590	AL	580003	GUATEMALA		M		GUA			E	E		M
230696	AL	585000	GUATEMALA		W		GUA			E	E		W
230517	AL	921002	HAITI		A		HAI			E	E		A
230591	AL	921003	HAITI		M		HAI			E	E		M
230697	AL	926001	HAITI		W		HAI			E	E		W
230518	AL	958803	HONG KONG		A		HKG			E	E		A
230592	AL	958804	HONG KONG		M		HKG			E	E		M
230698	AL	959005	HONG KONG		W		HKG			E	E		W
227661	AL	240161	HUNGARY		A		HUN				E		A
230593	AL	240163	HUNGARY		M		HUN			E	E		M
230699	AL	245085	HUNGARY		W		HUN			E	E		W
230516	AL	620138	INDIA		A		IND			E	E		A
230594	AL	620139	INDIA		M		IND			E	E		M
230700	AL	625045	INDIA		W		IND			E	E		W
230515	AL	260416	IRAN		A		IRI			E	E		A
230595	AL	260417	IRAN		M		IRI			E	E		M
230701	AL	265066	IRAN		W		IRI			E	E		W
230512	AL	270085	IRELAND		A		IRL			E	E		A
230596	AL	270086	IRELAND		M		IRL			E	E		M
230702	AL	275048	IRELAND		W		IRL			E	E		W
202098	AL	250405	ICELAND		A		ISL				E		A
231081	AL	250462	ICELAND		M		ISL				E		M
230703	AL	255457	ICELAND		W		ISL			E	E		W
230513	AL	280038	ISRAEL		A		ISR			E	E		A
230597	AL	280039	ISRAEL		M		ISR			E	E		M
230704	AL	285020	ISRAEL		W		ISR			E	E		W
230514	AL	600009	U.S. VIRGIN ISLANDS		A		ISV			E	E		A
230598	AL	600010	U.S. VIRGIN ISLANDS		M		ISV			E	E		M
230705	AL	605005	U.S. VIRGIN ISLANDS		W		ISV			E	E		W
210124	AL	290844	ITALY		A		ITA				E		A
135302	AL	6290057	ITALY		M		ITA				E		M
135305	AL	298120	ITALY		W		ITA				E		W
230461	AL	921500	BRITISH VIRGIN ISLANDS		A		IVB			E	E		A
230599	AL	921501	BRITISH VIRGIN ISLANDS		M		IVB			E	E		M
230706	AL	926500	BRITISH VIRGIN ISLANDS		W		IVB			E	E		W
230511	AL	840005	JAMAICA		A		JAM			E	E		A
230600	AL	840006	JAMAICA		M		JAM			E	E		M
230707	AL	845003	JAMAICA		W		JAM			E	E		W
230510	AL	961701	JORDAN		A		JOR			E	E		A
230601	AL	961702	JORDAN		M		JOR			E	E		M
230708	AL	961750	JORDAN		W		JOR			E	E		W
210135	AL	6300816	JAPAN		A		JPN				E		A
230602	AL	6301332	JAPAN		M		JPN			E	E		M
230709	AL	308232	JAPAN		W		JPN			E	E		W
218020	AL	670098	KAZAKHSTAN		A		KAZ			E	E		A
230603	AL	670104	KAZAKHSTAN		M		KAZ			E	E		M
230710	AL	675047	KAZAKHSTAN		W		KAZ			E	E		W
230506	AL	960900	KENYA		A		KEN			E	E		A
230604	AL	960901	KENYA		M		KEN			E	E		M
230711	AL	960950	KENYA		W		KEN			E	E		W
230507	AL	770035	KYRGYZSTAN		A		KGZ			E	E		A
230605	AL	770036	KYRGYZSTAN		M		KGZ			E	E		M
230712	AL	775009	KYRGYZSTAN		W		KGZ			E	E		W
218021	AL	320473	KOREA		A		KOR			E	E		A
230606	AL	320492	KOREA		M		KOR			E	E		M
230713	AL	325147	KOREA		W		KOR			E	E		W
219261	AL	942043	KOSOVO		A		KOS				E		A
230607	AL	942045	KOSOVO		M		KOS			E	E		M
230714	AL	947024	KOSOVO		W		KOS			E	E		W
230504	AL	810003	KUWAIT		A		KUW			E	E		A
230608	AL	810004	KUWAIT		M		KUW			E	E		M
230715	AL	815000	KUWAIT		W		KUW			E	E		W
230503	AL	550111	LATVIA		A		LAT			E	E		A
230609	AL	550112	LATVIA		M		LAT			E	E		M
230716	AL	555062	LATVIA		W		LAT			E	E		W
218022	AL	340528	LEBANON		A		LBN			E	E		A
230610	AL	340577	LEBANON		M		LBN			E	E		M
230717	AL	345175	LEBANON		W		LBN			E	E		W
230502	AL	350120	LIECHTENSTEIN		A		LIE			E	E		A
186355	AL	350099	LIECHTENSTEIN		M		LIE				E		M
230718	AL	355064	LIECHTENSTEIN		W		LIE			E	E		W
230496	AL	780032	LITHUANIA		A		LTU			E	E		A
230611	AL	780033	LITHUANIA		M		LTU			E	E		M
230719	AL	785017	LITHUANIA		W		LTU			E	E		W
230497	AL	360051	LUXEMBOURG		A		LUX			E	E		A
230612	AL	360052	LUXEMBOURG		M		LUX			E	E		M
230720	AL	365028	LUXEMBOURG		W		LUX			E	E		W
230458	AL	940002	MADAGASCAR		A		MAD			E	E		A
230613	AL	940003	MADAGASCAR		M		MAD			E	E		M
230721	AL	945001	MADAGASCAR		W		MAD			E	E		W
230498	AL	790037	MAROCCO		A		MAR			E	E		A
230614	AL	790038	MAROCCO		M		MAR			E	E		M
230722	AL	795002	MAROCCO		W		MAR			E	E		W
230491	AL	960703	MALAYSIA		A		MAS			E	E		A
230615	AL	960704	MALAYSIA		M		MAS			E	E		M
230723	AL	960751	MALAYSIA		W		MAS			E	E		W
230499	AL	910006	MOLDOVA		A		MDA			E	E		A
230616	AL	910007	MOLDOVA		M		MDA			E	E		M
230724	AL	915000	MOLDOVA		W		MDA			E	E		W
230500	AL	540034	MEXICO		A		MEX			E	E		A
230617	AL	540035	MEXICO		M		MEX			E	E		M
230725	AL	545013	MEXICO		W		MEX			E	E		W
230495	AL	720070	MONGOLIA		A		MGL			E	E		A
230618	AL	720071	MONGOLIA		M		MGL			E	E		M
230726	AL	725036	MONGOLIA		W		MGL			E	E		W
230494	AL	750110	NORTH MACEDONIA		A		MKD			E	E		A
230619	AL	750111	NORTH MACEDONIA		M		MKD			E	E		M
230727	AL	755053	NORTH MACEDONIA		W		MKD			E	E		W
230493	AL	959200	MALTA		A		MLT			E	E		A
230620	AL	959201	MALTA		M		MLT			E	E		M
230728	AL	959301	MALTA		W		MLT			E	E		W
230453	AL	310457	MONTENEGRO		A		MNE			E	E		A
230621	AL	310459	MONTENEGRO		M		MNE			E	E		M
230729	AL	315234	MONTENEGRO		W		MNE			E	E		W
230492	AL	370038	MONACO		A		MON			E	E		A
230622	AL	370039	MONACO		M		MON			E	E		M
230730	AL	375022	MONACO		W		MON			E	E		W
219258	AL	400330	NETHERLANDS		A		NED				E		A
230623	AL	400350	NETHERLANDS		M		NED			E	E		M
230731	AL	405195	NETHERLANDS		W		NED			E	E		W
230490	AL	890015	NEPAL		A		NEP			E	E		A
230624	AL	890016	NEPAL		M		NEP			E	E		M
230732	AL	895004	NEPAL		W		NEP			E	E		W
230489	AL	961300	NIGERIA		A		NGR			E	E		A
230625	AL	961301	NIGERIA		M		NGR			E	E		M
230733	AL	961350	NIGERIA		W		NGR			E	E		W
210120	AL	422696	NORWAY		A		NOR				E		A
181064	AL	422541	NORWAY		M		NOR				E		M
181065	AL	426197	NORWAY		W		NOR				E		W
230488	AL	410453	NEW ZEALAND		A		NZL			E	E		A
230626	AL	410454	NEW ZEALAND		M		NZL			E	E		M
230734	AL	415243	NEW ZEALAND		W		NZL			E	E		W
230487	AL	820052	PAKISTAN		A		PAK			E	E		A
231287	AL	820053	PAKISTAN		M		PAK				E		M
230735	AL	825013	PAKISTAN		W		PAK			E	E		W
230481	AL	960600	PARAGUAY		A		PAR			E	E		A
230627	AL	960601	PARAGUAY		M		PAR			E	E		M
230736	AL	960651	PARAGUAY		W		PAR			E	E		W
230485	AL	950003	PERU		A		PER			E	E		A
230628	AL	950004	PERU		M		PER			E	E		M
230737	AL	955006	PERU		W		PER			E	E		W
230486	AL	610007	PHILIPPINES		A		PHI			E	E		A
230629	AL	610008	PHILIPPINES		M		PHI			E	E		M
230738	AL	615002	PHILIPPINES		W		PHI			E	E		W
230450	AL	959800	PALESTINE		A		PLE			E	E		A
230630	AL	959801	PALESTINE		M		PLE			E	E		M
230739	AL	959900	PALESTINE		W		PLE			E	E		W
218023	AL	430819	POLAND		A		POL			E	E		A
194163	AL	430771	POLAND		M		POL				E		M
230740	AL	435450	POLAND		W		POL			E	E		W
230483	AL	590045	PORTUGAL		A		POR			E	E		A
230631	AL	590046	PORTUGAL		M		POR			E	E		M
230741	AL	595021	PORTUGAL		W		POR			E	E		W
230484	AL	330027	D.P.R. KOREA		A		PRK			E	E		A
230632	AL	330028	D.P.R. KOREA		M		PRK			E	E		M
230742	AL	335025	D.P.R. KOREA		W		PRK			E	E		W
230480	AL	140014	PUERTO RICO		A		PUR			E	E		A
230633	AL	140015	PUERTO RICO		M		PUR			E	E		M
230743	AL	145004	PUERTO RICO		W		PUR			E	E		W
219267	AL	460133	ROMANIA		A		ROU				E		A
230634	AL	460143	ROMANIA		M		ROU			E	E		M
230744	AL	465122	ROMANIA		W		ROU			E	E		W
230479	AL	570037	SOUTH AFRICA		A		RSA			E	E		A
230635	AL	570038	SOUTH AFRICA		M		RSA			E	E		M
230745	AL	575020	SOUTH AFRICA		W		RSA			E	E		W
210134	AL	482015	RUSSIA		A		RUS				E		A
230636	AL	482139	RUSSIA		M		RUS			E	E		M
230746	AL	486159	RUSSIA		W		RUS			E	E		W
230476	AL	470004	SENEGAL		A		SEN			E	E		A
230637	AL	470005	SENEGAL		M		SEN			E	E		M
230747	AL	475001	SENEGAL		W		SEN			E	E		W
230477	AL	960400	SINGAPORE		A		SGP			E	E		A
230638	AL	960401	SINGAPORE		M		SGP			E	E		M
230748	AL	960450	SINGAPORE		W		SGP			E	E		W
210125	AL	561403	SLOVENIA		A		SLO				E		A
144430	AL	565392	SLOVENIA		M		SLO				E		M
144429	AL	561267	SLOVENIA		W		SLO				E		W
230478	AL	450034	REPUBLIC OF SAN MARINO		A		SMR			E	E		A
230639	AL	450035	REPUBLIC OF SAN MARINO		M		SMR			E	E		M
230749	AL	455007	REPUBLIC OF SAN MARINO		W		SMR			E	E		W
230454	AL	310458	SERBIA		A		SRB			E	E		A
230640	AL	310460	SERBIA		M		SRB			E	E		M
230750	AL	315235	SERBIA		W		SRB			E	E		W
230448	AL	961200	SRI LANKA		A		SRI			E	E		A
230641	AL	961201	SRI LANKA		M		SRI			E	E		M
230751	AL	961250	SRI LANKA		W		SRI			E	E		W
230472	AL	650005	SUDAN		A		SUD			E	E		A
230642	AL	650006	SUDAN		M		SUD			E	E		M
230752	AL	655000	SUDAN		W		SUD			E	E		W
210122	AL	512381	SWITZERLAND		A		SUI				E		A
135296	AL	511846	SWITZERLAND		M		SUI				E		M
135310	AL	516184	SWITZERLAND		W		SUI				E		W
218024	AL	700971	SLOVAKIA		A		SVK			E	E		A
186357	AL	700928	SLOVAKIA		M		SVK				E		M
230753	AL	705488	SLOVAKIA		W		SVK			E	E		W
210131	AL	502366	SWEDEN		A		SWE				E		A
144428	AL	501830	SWEDEN		M		SWE				E		M
144427	AL	506408	SWEDEN		W		SWE				E		W
230471	AL	440002	SWAZILAND		A		SWZ			E	E		A
230643	AL	440003	SWAZILAND		M		SWZ			E	E		M
230754	AL	445000	SWAZILAND		W		SWZ			E	E		W
230466	AL	960802	TONGA		A		TGA			E	E		A
230644	AL	960803	TONGA		M		TGA			E	E		M
230755	AL	960850	TONGA		W		TGA			E	E		W
230470	AL	900004	THAILAND		A		THA			E	E		A
230645	AL	900005	THAILAND		M		THA			E	E		M
230756	AL	905004	THAILAND		W		THA			E	E		W
230468	AL	830031	TAJIKISTAN		A		TJK			E	E		A
230646	AL	830032	TAJIKISTAN		M		TJK			E	E		M
230757	AL	835001	TAJIKISTAN		W		TJK			E	E		W
230449	AL	960302	TIMOR-LESTE		A		TLS			E	E		A
230647	AL	960303	TIMOR-LESTE		M		TLS			E	E		M
230758	AL	960350	TIMOR-LESTE		W		TLS			E	E		W
230451	AL	960001	TOGO		A		TOG			E	E		A
230648	AL	960002	TOGO		M		TOG			E	E		M
230759	AL	960102	TOGO		W		TOG			E	E		W
230467	AL	130049	CHINESE/TAIPEI		A		TPE			E	E		A
230649	AL	130050	CHINESE/TAIPEI		M		TPE			E	E		M
230760	AL	135018	CHINESE/TAIPEI		W		TPE			E	E		W
218025	AL	520195	TURKEY		A		TUR			E	E		A
230650	AL	520218	TURKEY		M		TUR			E	E		M
230761	AL	525115	TURKEY		W		TUR			E	E		W
218026	AL	690774	UKRAINE		A		UKR			E	E		A
230651	AL	690779	UKRAINE		M		UKR			E	E		M
230762	AL	695141	UKRAINE		W		UKR			E	E		W
230464	AL	760003	URUGUAY		A		URU			E	E		A
230652	AL	760004	URUGUAY		M		URU			E	E		M
230763	AL	765000	URUGUAY		W		URU			E	E		W
210130	AL	6532554	UNITED STATES OF AMERICA		A		USA				E		A
135297	AL	6530095	UNITED STATES OF AMERICA		M		USA				E		M
135309	AL	539342	UNITED STATES OF AMERICA		W		USA				E		W
230462	AL	210049	UZBEKISTAN		A		UZB			E	E		A
230653	AL	210050	UZBEKISTAN		M		UZB			E	E		M
230764	AL	215023	UZBEKISTAN		W		UZB			E	E		W
230460	AL	920009	VENEZUELA		A		VEN			E	E		A
230654	AL	920012	VENEZUELA		M		VEN			E	E		M
230765	AL	925002	VENEZUELA		W		VEN			E	E		W
230456	AL	870003	ZIMBABWE		A		ZIM			E	E		A
230655	AL	870004	ZIMBABWE		M		ZIM			E	E		M
230766	AL	875002	ZIMBABWE		W		ZIM			E	E		W
