Eventid	Seasoncode	Sectorcode	Eventname	Startdate	Enddate	Nationcodeplace	Orgnationcode	Place	Published	OrgaddressL1	OrgaddressL2	OrgaddressL3	OrgaddressL4	Orgtel	Orgmobile	Orgfax	OrgEmail	Orgemailentries	Orgemailaccomodation	Orgemailtransportation	OrgWebsite	Socialmedia	Eventnotes	Languageused	Td1id	Td1name	Td1nation	Td2id	Td2name	Td2nation	Orgfee	Bill	Billdate	Selcat	Seldis	Seldisl	Seldism	Dispdate	Discomment	Version	Nationeventid	Proveventid	Mssql7id	Results	Pdf	Topbanner	Bottombanner	Toplogo	Bottomlogo	Gallery	Nextracedate	Lastracedate	TDletter	Orgaddressid	Tournament	Parenteventid	Placeid	Lastupdate
49313	2022	AL	2021 SA FIS Series 1	2021-08-06	2021-08-08	RSA	RSA	Tiffindell Ski Resort	1	Snow Sports South Africa	POBox 13430, Norkem Park		1631 Kempton Park, Ekurhuleni Metropolitan Municipality	+27 76 428 6712			bellaviedge@gmail.com	heath4rsa@gmail.com													0			-ENL-CITWC-NC-NJC-	-SL-	6xSL 	6xSL 	6.-8.8.2021	Cancelled (Covid 19)	0				0	0								0		0	0	6917989	2021-07-20 12:29:23
49314	2022	AL	2021 SA FIS Series 2	2021-08-10	2021-08-11	RSA	RSA	Tiffindell Ski Resort	1	Snow Sports South Africa	POBox 13430, Norkem Park		1631 Kempton Park, Ekurhuleni Metropolitan Municipality	+27 76 428 6712			bellaviedge@gmail.com	heath4rsa@gmail.com													0			-FIS-ENL-	-SL-	4xSL 	4xSL 	10.-11.8.2021	Cancelled (Covid 19)	0				0	0								0		0	0	1631	2021-07-20 12:28:38
49582	2022	AL	National Championships	2021-08-10	2021-08-18	ARG	ARG	Cerro Castor 	1								info@fasa.org.ar	info@fasa.org.ar.						E										-SAC-FIS-NC-	-SL-GS-	4xSL 4xGS 	4xSL 4xGS 	10.-18.8.2021	Check changes	0				1	0								0		0			2021-08-12 01:56:00
49160	2022	AL		2021-08-16	2021-08-19	ARG	ARG	Perito Moreno	1	Federacion Argentina de Ski y Andinismo			R8400 Bariloche, Bariloche	+54 294 4426357			info@fasa.org.ar	capiltriquitron@elbolson.com																-FIS-NJR-	-SL-GS-	SL 2xGS 	SL 2xGS 	16.-19.8.2021	Cancelled 	0				0	0								0		1	0	0	2021-09-17 16:51:24
49146	2022	AL		2021-08-24	2021-08-30	NZL	NZL	Coronet Peak, NZ	1	Coronet Peak Ski Area	PO Box 359		9300 Fernhill, Queenstown-Lakes	+64 3 441 8435			race@coronetpeak.co.nz	race@coronetpeak.co.nz			http://www.nzski.com										0			-ANC-PARA-	-SL-GS-SG-	2xSL 2xGS 2xSG 	4xSL 4xGS 2xSG 	24.-30.8.2021	Cancelled (Covid 19)	0				0	0								0		1	0	5575693	2021-07-26 10:59:15
49067	2022	AL	Chile Winter Series	2021-08-30	2021-09-03	CHI	CHI	La Parva	1	Snow Animal SpA	Recoleta 6354		8320000 Santiago, Provincia de Santiago	+56222721062			nico@snowanimal.cl	fischile@fedeski.cl	teams@laparva.cl		http://www.snowanimal.cl													-TRA-SAC-	-DH-SG-AC-	3xDH 2xSG AC 	3xDH 2xSG AC 	30.8.-3.9.2021	Cancelled	0				0	1								0		0	0	1867679	2021-09-13 21:26:02
49065	2022	AL	Memorial Stefano Pirola D.	2021-09-03	2021-09-05	CHI	CHI	El Colorado	1	Club Deportivo Universidad Catolica	Avda. Las Flores 13.000	Las Condes	8320000 Santiago, Provincia de Santiago	+56222721062			fischile@fedeskichile.cl	fischile@fedeskichile.cl			http://www.skiuc.cl													-NJC-NC-SAC-	-GS-	3xGS 	3xGS 	3.-5.9.2021	Check changes	0				1	0								0		0	0	1867679	2021-09-13 21:27:06
49066	2022	AL		2021-09-04	2021-09-05	CHI	CHI	La Parva	1	Club de Ski La Parva	Emille Allais s/n	La Parva	8320000 Santiago Sur, Provincia de Santiago	+56222721062			fischile@fedeskichile.cl	fischile@fedeskichile.cl			http://www.clubskilaparva.cl													-NJC-SAC-NC-	-SL-	3xSL 	3xSL 	4.-5.9.2021	Check changes	0				1	0								0		1	0	-1	2021-09-05 05:52:55
49237	2022	AL	FIS Events	2021-09-06	2021-09-09	AUS	AUS	Thredbo	1	Thredbo Ski Racing Club			2625 Thredbo,	+61 2 6457 6101			info@thredboskiracing.com				http://www.thredboskiracing.com													-FIS-	-SL-GS-	4xSL 4xGS 	4xSL 4xGS 	6.-9.9.2021	Cancelled (Covid 19)	0				0	0								0		1	0	106230	2021-09-01 10:20:32
49170	2022	AL		2021-09-13	2021-09-17	ARG	ARG	Cerro Castor	1	Club Andino Ushuaia	Juana Fadul Nro. 50		V9410 Ushuaia, Ushuaia	54 9  2901 513232		54 2901 422335	info@fasa.org.ar	administracion@clubandinoushuaia.com.ar			http://www.fasa.org.ar / http://clubandinoushuaia.													-CIT-FIS-	-SL-GS-	3xSL 3xGS 	3xSL 3xGS 	13.-17.9.2021		0				1	0								0		1	0	0	2021-09-14 19:18:49
49142	2022	AL	Wanaka Tech Series	2021-09-16	2021-09-17	NZL	NZL	Cardrona	1	Wanaka Snowsports Club	PO Box 120, Wanaka 9343		New Zealand	+64 274419440			race@wanakasnowsports.co.nz	race@wanakasnowsports.co.nz			https://www.snowsports.co.nz/calendar-and-results/2020-events-calendar-and-registration/cardrona-wanaka-fis-tech-series/													-FIS-PARA-	-SL-GS-	4xSL 4xGS 	4xSL 4xGS 	16.-17.9.2021	Check changes	0				1	0								0		1	0	0	2021-09-16 01:38:55
49861	2022	AL	Mt Buller FIS Races	2021-09-19	2021-09-19	AUS	AUS	Mt Buller	1	Mt Buller Race Club	.		3723 Mount Buller,	0417200640			info@mtbullerraceclub.com.au																	-FIS-	-SL-	2xSL 	2xSL 	19.9.2021	Cancelled (Covid 19)	0				0	0								0		0	0	115444	2021-09-14 19:16:21
49145	2022	AL	New Zealand National Championship and Coronet Cup	2021-09-21	2021-09-23	NZL	NZL	Mt Hutt	1	Coronet Peak Race And Events	PO Box 359		9300 Fernhill, Queenstown-Lakes	+64 3 441 8435			race@coronetpeak.co.nz	race@coronetpeak.co.nz			http://www.nzski.com													-NC-FIS-	-SL-GS-	2xSL 2xGS 	2xSL 2xGS 	21.-23.9.2021	Check changes	0				1	0								0		0	0	5575693	2021-09-27 11:37:02
50800	2022	AL		2021-09-22	2021-09-25	ARG	ARG	Cerro Catedral, Bariloche	1	Ski Club Bariloche							info@fasa.org.ar	info@fasa.org.ar						E										-FIS-CIT-	-SL-	4xSL 	4xSL 	22.-25.9.2021	Check changes	0				1	0								0		0			2021-09-22 20:43:22
